{
  "tpp200_10M_3seed": {
    "transformer": {
      "ppl": [
        31.35154227057569,
        30.98240947966892,
        31.031597814632057
      ],
      "mean": 31.121849854958885,
      "std": 0.16365375526401651
    },
    "transformer_plus_tricks": {
      "ppl": [
        30.90154109046851,
        31.31686804249489,
        31.480649844232094
      ],
      "mean": 31.233019659065164,
      "std": 0.24374118886534363
    },
    "cid_full": {
      "ppl": [
        7.88108751186147,
        7.903209187587148,
        7.900448612584827
      ],
      "mean": 7.894915104011148,
      "std": 0.009842320934930293
    }
  },
  "ratio_tf_over_cid": {
    "per_seed": [
      3.978073105188833,
      3.9202314837281764,
      3.9278273090974896
    ],
    "mean": 3.942043966004833,
    "std": 0.025664479909209236
  }
}